game_id,quiz_id,category_id,quiz_type,question_text,correct_answer,image_urls,,Check if all chars are less than or equal to 16,,,Sum of chars ,,,country,code
worldquestquizgame,1,2,NormalImage,,Paris,"{""image_1"": ""https://raw.githubusercontent.com/I-Ghazoui/Github-Anime-Quiz-Images/refs/heads/main/WorldQuest/capitals/1.jpg"" } ",,,,,,,,France,fr
worldquestquizgame,2,2,NormalImage,,London,"{""image_1"": ""https://raw.githubusercontent.com/I-Ghazoui/Github-Anime-Quiz-Images/refs/heads/main/WorldQuest/capitals/2.jpg"" } ",,,,,,,,United Kingdom,gb
worldquestquizgame,3,2,NormalImage,,Tokyo,"{""image_1"": ""https://raw.githubusercontent.com/I-Ghazoui/Github-Anime-Quiz-Images/refs/heads/main/WorldQuest/capitals/3.jpg"" } ",,,,,,,,Japan,jp
worldquestquizgame,4,2,NormalImage,,New Delhi,"{""image_1"": ""https://raw.githubusercontent.com/I-Ghazoui/Github-Anime-Quiz-Images/refs/heads/main/WorldQuest/capitals/4.jpg"" } ",,,,,,,,India,in
worldquestquizgame,5,2,NormalImage,,Washington DC,"{""image_1"": ""https://raw.githubusercontent.com/I-Ghazoui/Github-Anime-Quiz-Images/refs/heads/main/WorldQuest/capitals/5.jpg"" } ",,,,,,,,United States,us
worldquestquizgame,6,2,NormalImage,,Beijing,"{""image_1"": ""https://raw.githubusercontent.com/I-Ghazoui/Github-Anime-Quiz-Images/refs/heads/main/WorldQuest/capitals/6.jpg"" } ",,,,,17,,,China,cn
worldquestquizgame,7,2,NormalImage,,Rome,"{""image_1"": ""https://raw.githubusercontent.com/I-Ghazoui/Github-Anime-Quiz-Images/refs/heads/main/WorldQuest/capitals/7.jpg"" } ",,,,,,,,Italy,it
worldquestquizgame,8,2,NormalImage,,Amsterdam,"{""image_1"": ""https://raw.githubusercontent.com/I-Ghazoui/Github-Anime-Quiz-Images/refs/heads/main/WorldQuest/capitals/8.jpg"" } ",,,,,,,,Netherlands,nl
worldquestquizgame,9,2,NormalImage,,Berlin,"{""image_1"": ""https://raw.githubusercontent.com/I-Ghazoui/Github-Anime-Quiz-Images/refs/heads/main/WorldQuest/capitals/9.jpg"" } ",,,,,,,,Germany,de
worldquestquizgame,10,2,NormalImage,,Madrid,"{""image_1"": ""https://raw.githubusercontent.com/I-Ghazoui/Github-Anime-Quiz-Images/refs/heads/main/WorldQuest/capitals/10.jpg"" } ",,,,,,,,Spain,es
worldquestquizgame,11,2,NormalImage,,Moscow,"{""image_1"": ""https://raw.githubusercontent.com/I-Ghazoui/Github-Anime-Quiz-Images/refs/heads/main/WorldQuest/capitals/11.jpg"" } ",,,,,,,,Russia,ru
worldquestquizgame,12,2,NormalImage,,Seoul,"{""image_1"": ""https://raw.githubusercontent.com/I-Ghazoui/Github-Anime-Quiz-Images/refs/heads/main/WorldQuest/capitals/12.jpg"" } ",,,,,,,,South Korea,kr
worldquestquizgame,13,2,NormalImage,,Cairo,"{""image_1"": ""https://raw.githubusercontent.com/I-Ghazoui/Github-Anime-Quiz-Images/refs/heads/main/WorldQuest/capitals/13.jpg"" } ",,,,,,,,Egypt,eg
worldquestquizgame,14,2,NormalImage,,Bangkok,"{""image_1"": ""https://raw.githubusercontent.com/I-Ghazoui/Github-Anime-Quiz-Images/refs/heads/main/WorldQuest/capitals/14.jpg"" } ",,,,,,,,Thailand,th
worldquestquizgame,15,2,NormalImage,,Mexico City,"{""image_1"": ""https://raw.githubusercontent.com/I-Ghazoui/Github-Anime-Quiz-Images/refs/heads/main/WorldQuest/capitals/15.jpg"" } ",,,,,,,,Mexico,mx
worldquestquizgame,16,2,NormalImage,,Jakarta,"{""image_1"": ""https://raw.githubusercontent.com/I-Ghazoui/Github-Anime-Quiz-Images/refs/heads/main/WorldQuest/capitals/16.jpg"" } ",,,,,,,,Indonesia,id
worldquestquizgame,17,2,NormalImage,,Buenos Aires,"{""image_1"": ""https://raw.githubusercontent.com/I-Ghazoui/Github-Anime-Quiz-Images/refs/heads/main/WorldQuest/capitals/17.jpg"" } ",,,,,,,,Argentina,ar
worldquestquizgame,18,2,NormalImage,,Singapore,"{""image_1"": ""https://raw.githubusercontent.com/I-Ghazoui/Github-Anime-Quiz-Images/refs/heads/main/WorldQuest/capitals/18.jpg"" } ",,,,,,,,Singapore,sg
worldquestquizgame,19,2,NormalImage,,Hong Kong,"{""image_1"": ""https://raw.githubusercontent.com/I-Ghazoui/Github-Anime-Quiz-Images/refs/heads/main/WorldQuest/capitals/19.jpg"" } ",,,,,,,,Hong Kong,hk
worldquestquizgame,20,2,NormalImage,,Tehran,"{""image_1"": ""https://raw.githubusercontent.com/I-Ghazoui/Github-Anime-Quiz-Images/refs/heads/main/WorldQuest/capitals/20.jpg"" } ",,,,,,,,Iran,ir
worldquestquizgame,21,2,NormalImage,,Riyadh,"{""image_1"": ""https://raw.githubusercontent.com/I-Ghazoui/Github-Anime-Quiz-Images/refs/heads/main/WorldQuest/capitals/21.jpg"" } ",,,,,,,,,
worldquestquizgame,22,2,NormalImage,,Baghdad,"{""image_1"": ""https://raw.githubusercontent.com/I-Ghazoui/Github-Anime-Quiz-Images/refs/heads/main/WorldQuest/capitals/22.jpg"" } ",,,,,,,,,
worldquestquizgame,23,2,NormalImage,,Nairobi,"{""image_1"": ""https://raw.githubusercontent.com/I-Ghazoui/Github-Anime-Quiz-Images/refs/heads/main/WorldQuest/capitals/23.jpg"" } ",,,,,,,,,
worldquestquizgame,24,2,NormalImage,,Lima,"{""image_1"": ""https://raw.githubusercontent.com/I-Ghazoui/Github-Anime-Quiz-Images/refs/heads/main/WorldQuest/capitals/24.jpg"" } ",,,,,,,,,
worldquestquizgame,25,2,NormalImage,,Hanoi,"{""image_1"": ""https://raw.githubusercontent.com/I-Ghazoui/Github-Anime-Quiz-Images/refs/heads/main/WorldQuest/capitals/25.jpg"" } ",,,,,,,,,
worldquestquizgame,26,2,NormalImage,,Kabul,"{""image_1"": ""https://raw.githubusercontent.com/I-Ghazoui/Github-Anime-Quiz-Images/refs/heads/main/WorldQuest/capitals/26.jpg"" } ",,,,,,,,,
worldquestquizgame,27,2,NormalImage,,Dhaka,"{""image_1"": ""https://raw.githubusercontent.com/I-Ghazoui/Github-Anime-Quiz-Images/refs/heads/main/WorldQuest/capitals/27.jpg"" } ",,,,,,,,,
worldquestquizgame,28,2,NormalImage,,Santiago,"{""image_1"": ""https://raw.githubusercontent.com/I-Ghazoui/Github-Anime-Quiz-Images/refs/heads/main/WorldQuest/capitals/28.jpg"" } ",,,,,,,,,
worldquestquizgame,29,2,NormalImage,,Bogota,"{""image_1"": ""https://raw.githubusercontent.com/I-Ghazoui/Github-Anime-Quiz-Images/refs/heads/main/WorldQuest/capitals/29.jpg"" } ",,,,,,,,,
worldquestquizgame,30,2,NormalImage,,Ankara,"{""image_1"": ""https://raw.githubusercontent.com/I-Ghazoui/Github-Anime-Quiz-Images/refs/heads/main/WorldQuest/capitals/30.jpg"" } ",,,,,,,,,
worldquestquizgame,31,2,NormalImage,,Kuala Lumpur,"{""image_1"": ""https://raw.githubusercontent.com/I-Ghazoui/Github-Anime-Quiz-Images/refs/heads/main/WorldQuest/capitals/31.jpg"" } ",,,,,,,,,
worldquestquizgame,32,2,NormalImage,,Ottawa,"{""image_1"": ""https://raw.githubusercontent.com/I-Ghazoui/Github-Anime-Quiz-Images/refs/heads/main/WorldQuest/capitals/32.jpg"" } ",,,,,,,,,
worldquestquizgame,33,2,NormalImage,,Damascus,"{""image_1"": ""https://raw.githubusercontent.com/I-Ghazoui/Github-Anime-Quiz-Images/refs/heads/main/WorldQuest/capitals/33.jpg"" } ",,,,,,,,,
worldquestquizgame,34,2,NormalImage,,Caracas,"{""image_1"": ""https://raw.githubusercontent.com/I-Ghazoui/Github-Anime-Quiz-Images/refs/heads/main/WorldQuest/capitals/34.jpg"" } ",,,,,,,,,
worldquestquizgame,35,2,NormalImage,,Addis Ababa,"{""image_1"": ""https://raw.githubusercontent.com/I-Ghazoui/Github-Anime-Quiz-Images/refs/heads/main/WorldQuest/capitals/35.jpg"" } ",,,,,,,,,
worldquestquizgame,36,2,NormalImage,,Lusaka,"{""image_1"": ""https://raw.githubusercontent.com/I-Ghazoui/Github-Anime-Quiz-Images/refs/heads/main/WorldQuest/capitals/36.jpg"" } ",,,,,,,,,
worldquestquizgame,37,2,NormalImage,,Tripoli,"{""image_1"": ""https://raw.githubusercontent.com/I-Ghazoui/Github-Anime-Quiz-Images/refs/heads/main/WorldQuest/capitals/37.jpg"" } ",,,,,,,,,
worldquestquizgame,38,2,NormalImage,,Brasilia,"{""image_1"": ""https://raw.githubusercontent.com/I-Ghazoui/Github-Anime-Quiz-Images/refs/heads/main/WorldQuest/capitals/38.jpg"" } ",,,,,,,,,
worldquestquizgame,39,2,NormalImage,,Abu Dhabi,"{""image_1"": ""https://raw.githubusercontent.com/I-Ghazoui/Github-Anime-Quiz-Images/refs/heads/main/WorldQuest/capitals/39.jpg"" } ",,,,,,,,,
worldquestquizgame,40,2,NormalImage,,Manila,"{""image_1"": ""https://raw.githubusercontent.com/I-Ghazoui/Github-Anime-Quiz-Images/refs/heads/main/WorldQuest/capitals/40.jpg"" } ",,,,,,,,,
worldquestquizgame,41,2,NormalImage,,Islamabad,"{""image_1"": ""https://raw.githubusercontent.com/I-Ghazoui/Github-Anime-Quiz-Images/refs/heads/main/WorldQuest/capitals/41.jpg"" } ",,,,,,,,,
worldquestquizgame,42,2,NormalImage,,Havana,"{""image_1"": ""https://raw.githubusercontent.com/I-Ghazoui/Github-Anime-Quiz-Images/refs/heads/main/WorldQuest/capitals/42.jpg"" } ",,,,,,,,,
worldquestquizgame,43,2,NormalImage,,Doha,"{""image_1"": ""https://raw.githubusercontent.com/I-Ghazoui/Github-Anime-Quiz-Images/refs/heads/main/WorldQuest/capitals/43.jpg"" } ",,,,,,,,,
worldquestquizgame,44,2,NormalImage,,Pretoria,"{""image_1"": ""https://raw.githubusercontent.com/I-Ghazoui/Github-Anime-Quiz-Images/refs/heads/main/WorldQuest/capitals/44.jpg"" } ",,,,,,,,,
worldquestquizgame,45,2,NormalImage,,Vienna,"{""image_1"": ""https://raw.githubusercontent.com/I-Ghazoui/Github-Anime-Quiz-Images/refs/heads/main/WorldQuest/capitals/45.jpg"" } ",,,,,,,,,
worldquestquizgame,46,2,NormalImage,,Oslo,"{""image_1"": ""https://raw.githubusercontent.com/I-Ghazoui/Github-Anime-Quiz-Images/refs/heads/main/WorldQuest/capitals/46.jpg"" } ",,,,,,,,,
worldquestquizgame,47,2,NormalImage,,Stockholm,"{""image_1"": ""https://raw.githubusercontent.com/I-Ghazoui/Github-Anime-Quiz-Images/refs/heads/main/WorldQuest/capitals/47.jpg"" } ",,,,,,,,,
worldquestquizgame,48,2,NormalImage,,Copenhagen,"{""image_1"": ""https://raw.githubusercontent.com/I-Ghazoui/Github-Anime-Quiz-Images/refs/heads/main/WorldQuest/capitals/48.jpg"" } ",,,,,,,,,
worldquestquizgame,49,2,NormalImage,,Lisbon,"{""image_1"": ""https://raw.githubusercontent.com/I-Ghazoui/Github-Anime-Quiz-Images/refs/heads/main/WorldQuest/capitals/49.jpg"" } ",,,,,,,,,
worldquestquizgame,50,2,NormalImage,,Dublin,"{""image_1"": ""https://raw.githubusercontent.com/I-Ghazoui/Github-Anime-Quiz-Images/refs/heads/main/WorldQuest/capitals/50.jpg"" } ",,,,,,,,,
worldquestquizgame,51,2,NormalImage,,Brussels,"{""image_1"": ""https://raw.githubusercontent.com/I-Ghazoui/Github-Anime-Quiz-Images/refs/heads/main/WorldQuest/capitals/51.jpg"" } ",,,,,,,,,
worldquestquizgame,52,2,NormalImage,,Warsaw,"{""image_1"": ""https://raw.githubusercontent.com/I-Ghazoui/Github-Anime-Quiz-Images/refs/heads/main/WorldQuest/capitals/52.jpg"" } ",,,,,,,,,
worldquestquizgame,53,2,NormalImage,,Bucharest,"{""image_1"": ""https://raw.githubusercontent.com/I-Ghazoui/Github-Anime-Quiz-Images/refs/heads/main/WorldQuest/capitals/53.jpg"" } ",,,,,,,,,
worldquestquizgame,54,2,NormalImage,,Budapest,"{""image_1"": ""https://raw.githubusercontent.com/I-Ghazoui/Github-Anime-Quiz-Images/refs/heads/main/WorldQuest/capitals/54.jpg"" } ",,,,,,,,,
worldquestquizgame,55,2,NormalImage,,Athens,"{""image_1"": ""https://raw.githubusercontent.com/I-Ghazoui/Github-Anime-Quiz-Images/refs/heads/main/WorldQuest/capitals/55.jpg"" } ",,,,,,,,,
worldquestquizgame,56,2,NormalImage,,Prague,"{""image_1"": ""https://raw.githubusercontent.com/I-Ghazoui/Github-Anime-Quiz-Images/refs/heads/main/WorldQuest/capitals/56.jpg"" } ",,,,,,,,,
worldquestquizgame,57,2,NormalImage,,Helsinki,"{""image_1"": ""https://raw.githubusercontent.com/I-Ghazoui/Github-Anime-Quiz-Images/refs/heads/main/WorldQuest/capitals/57.jpg"" } ",,,,,,,,,
worldquestquizgame,58,2,NormalImage,,Kyiv,"{""image_1"": ""https://raw.githubusercontent.com/I-Ghazoui/Github-Anime-Quiz-Images/refs/heads/main/WorldQuest/capitals/58.jpg"" } ",,,,,,,,,
worldquestquizgame,59,2,NormalImage,,Belgrade,"{""image_1"": ""https://raw.githubusercontent.com/I-Ghazoui/Github-Anime-Quiz-Images/refs/heads/main/WorldQuest/capitals/59.jpg"" } ",,,,,,,,,
worldquestquizgame,60,2,NormalImage,,Zagreb,"{""image_1"": ""https://raw.githubusercontent.com/I-Ghazoui/Github-Anime-Quiz-Images/refs/heads/main/WorldQuest/capitals/60.jpg"" } ",,,,,,,,,
worldquestquizgame,61,2,NormalImage,,Baku,"{""image_1"": ""https://raw.githubusercontent.com/I-Ghazoui/Github-Anime-Quiz-Images/refs/heads/main/WorldQuest/capitals/61.jpg"" } ",,,,,,,,,
worldquestquizgame,62,2,NormalImage,,Tashkent,"{""image_1"": ""https://raw.githubusercontent.com/I-Ghazoui/Github-Anime-Quiz-Images/refs/heads/main/WorldQuest/capitals/62.jpg"" } ",,,,,,,,,
worldquestquizgame,63,2,NormalImage,,Ashgabat,"{""image_1"": ""https://raw.githubusercontent.com/I-Ghazoui/Github-Anime-Quiz-Images/refs/heads/main/WorldQuest/capitals/63.jpg"" } ",,,,,,,,,
worldquestquizgame,64,2,NormalImage,,Muscat,"{""image_1"": ""https://raw.githubusercontent.com/I-Ghazoui/Github-Anime-Quiz-Images/refs/heads/main/WorldQuest/capitals/64.jpg"" } ",,,,,,,,,
worldquestquizgame,65,2,NormalImage,,Amman,"{""image_1"": ""https://raw.githubusercontent.com/I-Ghazoui/Github-Anime-Quiz-Images/refs/heads/main/WorldQuest/capitals/65.jpg"" } ",,,,,,,,,
worldquestquizgame,66,2,NormalImage,,Tbilisi,"{""image_1"": ""https://raw.githubusercontent.com/I-Ghazoui/Github-Anime-Quiz-Images/refs/heads/main/WorldQuest/capitals/66.jpg"" } ",,,,,,,,,
worldquestquizgame,67,2,NormalImage,,Yerevan,"{""image_1"": ""https://raw.githubusercontent.com/I-Ghazoui/Github-Anime-Quiz-Images/refs/heads/main/WorldQuest/capitals/67.jpg"" } ",,,,,,,,,
worldquestquizgame,68,2,NormalImage,,Skopje,"{""image_1"": ""https://raw.githubusercontent.com/I-Ghazoui/Github-Anime-Quiz-Images/refs/heads/main/WorldQuest/capitals/68.jpg"" } ",,,,,,,,,
worldquestquizgame,69,2,NormalImage,,Sarajevo,"{""image_1"": ""https://raw.githubusercontent.com/I-Ghazoui/Github-Anime-Quiz-Images/refs/heads/main/WorldQuest/capitals/69.jpg"" } ",,,,,,,,,
worldquestquizgame,70,2,NormalImage,,Rabat,"{""image_1"": ""https://raw.githubusercontent.com/I-Ghazoui/Github-Anime-Quiz-Images/refs/heads/main/WorldQuest/capitals/70.jpg"" } ",,,,,,,,,
worldquestquizgame,71,2,NormalImage,,Luanda,"{""image_1"": ""https://raw.githubusercontent.com/I-Ghazoui/Github-Anime-Quiz-Images/refs/heads/main/WorldQuest/capitals/71.jpg"" } ",,,,,,,,,
worldquestquizgame,72,2,NormalImage,,Algiers,"{""image_1"": ""https://raw.githubusercontent.com/I-Ghazoui/Github-Anime-Quiz-Images/refs/heads/main/WorldQuest/capitals/72.jpg"" } ",,,,,,,,,
worldquestquizgame,73,2,NormalImage,,Accra,"{""image_1"": ""https://raw.githubusercontent.com/I-Ghazoui/Github-Anime-Quiz-Images/refs/heads/main/WorldQuest/capitals/73.jpg"" } ",,,,,,,,,
worldquestquizgame,74,2,NormalImage,,Maputo,"{""image_1"": ""https://raw.githubusercontent.com/I-Ghazoui/Github-Anime-Quiz-Images/refs/heads/main/WorldQuest/capitals/74.jpg"" } ",,,,,,,,,
worldquestquizgame,75,2,NormalImage,,Windhoek,"{""image_1"": ""https://raw.githubusercontent.com/I-Ghazoui/Github-Anime-Quiz-Images/refs/heads/main/WorldQuest/capitals/75.jpg"" } ",,,,,,,,,
worldquestquizgame,76,2,NormalImage,,Ouagadougou,"{""image_1"": ""https://raw.githubusercontent.com/I-Ghazoui/Github-Anime-Quiz-Images/refs/heads/main/WorldQuest/capitals/76.jpg"" } ",,,,,,,,,
worldquestquizgame,77,2,NormalImage,,Kampala,"{""image_1"": ""https://raw.githubusercontent.com/I-Ghazoui/Github-Anime-Quiz-Images/refs/heads/main/WorldQuest/capitals/77.jpg"" } ",,,,,,,,,
worldquestquizgame,78,2,NormalImage,,Kinshasa,"{""image_1"": ""https://raw.githubusercontent.com/I-Ghazoui/Github-Anime-Quiz-Images/refs/heads/main/WorldQuest/capitals/78.jpg"" } ",,,,,,,,,
worldquestquizgame,79,2,NormalImage,,Khartoum,"{""image_1"": ""https://raw.githubusercontent.com/I-Ghazoui/Github-Anime-Quiz-Images/refs/heads/main/WorldQuest/capitals/79.jpg"" } ",,,,,,,,,
worldquestquizgame,80,2,NormalImage,,Bamako,"{""image_1"": ""https://raw.githubusercontent.com/I-Ghazoui/Github-Anime-Quiz-Images/refs/heads/main/WorldQuest/capitals/80.jpg"" } ",,,,,,,,,
worldquestquizgame,81,2,NormalImage,,Nouakchott,"{""image_1"": ""https://raw.githubusercontent.com/I-Ghazoui/Github-Anime-Quiz-Images/refs/heads/main/WorldQuest/capitals/81.jpg"" } ",,,,,,,,,
worldquestquizgame,82,2,NormalImage,,Suva,"{""image_1"": ""https://raw.githubusercontent.com/I-Ghazoui/Github-Anime-Quiz-Images/refs/heads/main/WorldQuest/capitals/82.jpg"" } ",,,,,,,,,
worldquestquizgame,83,2,NormalImage,,Nassau,"{""image_1"": ""https://raw.githubusercontent.com/I-Ghazoui/Github-Anime-Quiz-Images/refs/heads/main/WorldQuest/capitals/83.jpg"" } ",,,,,,,,,
worldquestquizgame,84,2,NormalImage,,Montevideo,"{""image_1"": ""https://raw.githubusercontent.com/I-Ghazoui/Github-Anime-Quiz-Images/refs/heads/main/WorldQuest/capitals/84.jpg"" } ",,,,,,,,,
worldquestquizgame,85,2,NormalImage,,Reykjavik,"{""image_1"": ""https://raw.githubusercontent.com/I-Ghazoui/Github-Anime-Quiz-Images/refs/heads/main/WorldQuest/capitals/85.jpg"" } ",,,,,,,,,
worldquestquizgame,86,2,NormalImage,,Wellington,"{""image_1"": ""https://raw.githubusercontent.com/I-Ghazoui/Github-Anime-Quiz-Images/refs/heads/main/WorldQuest/capitals/86.jpg"" } ",,,,,,,,,
worldquestquizgame,87,2,NormalImage,,Canberra,"{""image_1"": ""https://raw.githubusercontent.com/I-Ghazoui/Github-Anime-Quiz-Images/refs/heads/main/WorldQuest/capitals/87.jpg"" } ",,,,,,,,,
worldquestquizgame,88,2,NormalImage,,Tunis,"{""image_1"": ""https://raw.githubusercontent.com/I-Ghazoui/Github-Anime-Quiz-Images/refs/heads/main/WorldQuest/capitals/88.jpg"" } ",,,,,,,,,
worldquestquizgame,89,2,NormalImage,,Monaco,"{""image_1"": ""https://raw.githubusercontent.com/I-Ghazoui/Github-Anime-Quiz-Images/refs/heads/main/WorldQuest/capitals/89.jpg"" } ",,,,,,,,,
worldquestquizgame,90,2,NormalImage,,Vatican City,"{""image_1"": ""https://raw.githubusercontent.com/I-Ghazoui/Github-Anime-Quiz-Images/refs/heads/main/WorldQuest/capitals/90.jpg"" } ",,,,,,,,,
worldquestquizgame,91,2,NormalImage,,Kuwait City,"{""image_1"": ""https://raw.githubusercontent.com/I-Ghazoui/Github-Anime-Quiz-Images/refs/heads/main/WorldQuest/capitals/91.jpg"" } ",,,,,,,,,
worldquestquizgame,92,2,NormalImage,,Guatemala City,"{""image_1"": ""https://raw.githubusercontent.com/I-Ghazoui/Github-Anime-Quiz-Images/refs/heads/main/WorldQuest/capitals/92.jpg"" } ",,,,,,,,,
worldquestquizgame,93,2,NormalImage,,Pyongyang,"{""image_1"": ""https://raw.githubusercontent.com/I-Ghazoui/Github-Anime-Quiz-Images/refs/heads/main/WorldQuest/capitals/93.jpg"" } ",,,,,,,,,
worldquestquizgame,94,2,NormalImage,,Quito,"{""image_1"": ""https://raw.githubusercontent.com/I-Ghazoui/Github-Anime-Quiz-Images/refs/heads/main/WorldQuest/capitals/94.jpg"" } ",,,,,,,,,
worldquestquizgame,95,2,NormalImage,,Yaounde,"{""image_1"": ""https://raw.githubusercontent.com/I-Ghazoui/Github-Anime-Quiz-Images/refs/heads/main/WorldQuest/capitals/95.jpg"" } ",,,,,,,,,
worldquestquizgame,96,2,NormalImage,,Taipei,"{""image_1"": ""https://raw.githubusercontent.com/I-Ghazoui/Github-Anime-Quiz-Images/refs/heads/main/WorldQuest/capitals/96.jpg"" } ",,,,,,,,,
worldquestquizgame,97,2,NormalImage,,Sanaa,"{""image_1"": ""https://raw.githubusercontent.com/I-Ghazoui/Github-Anime-Quiz-Images/refs/heads/main/WorldQuest/capitals/97.jpg"" } ",,,,,,,,,
worldquestquizgame,98,2,NormalImage,,Mogadishu,"{""image_1"": ""https://raw.githubusercontent.com/I-Ghazoui/Github-Anime-Quiz-Images/refs/heads/main/WorldQuest/capitals/98.jpg"" } ",,,,,,,,,
worldquestquizgame,99,2,NormalImage,,Phnom Penh,"{""image_1"": ""https://raw.githubusercontent.com/I-Ghazoui/Github-Anime-Quiz-Images/refs/heads/main/WorldQuest/capitals/99.jpg"" } ",,,,,,,,,
worldquestquizgame,100,2,NormalImage,,Harare,"{""image_1"": ""https://raw.githubusercontent.com/I-Ghazoui/Github-Anime-Quiz-Images/refs/heads/main/WorldQuest/capitals/100.jpg"" } ",,,,,,,,,
worldquestquizgame,101,2,NormalImage,,Minsk,"{""image_1"": ""https://raw.githubusercontent.com/I-Ghazoui/Github-Anime-Quiz-Images/refs/heads/main/WorldQuest/capitals/101.jpg"" } ",,,,,,,,,
worldquestquizgame,102,2,NormalImage,,Brazzaville,"{""image_1"": ""https://raw.githubusercontent.com/I-Ghazoui/Github-Anime-Quiz-Images/refs/heads/main/WorldQuest/capitals/102.jpg"" } ",,,,,,,,,
worldquestquizgame,103,2,NormalImage,,Conakry,"{""image_1"": ""https://raw.githubusercontent.com/I-Ghazoui/Github-Anime-Quiz-Images/refs/heads/main/WorldQuest/capitals/103.jpg"" } ",,,,,,,,,
worldquestquizgame,104,2,NormalImage,,Astana,"{""image_1"": ""https://raw.githubusercontent.com/I-Ghazoui/Github-Anime-Quiz-Images/refs/heads/main/WorldQuest/capitals/104.jpg"" } ",,,,,,,,,
worldquestquizgame,105,2,NormalImage,,Ulaanbaatar,"{""image_1"": ""https://raw.githubusercontent.com/I-Ghazoui/Github-Anime-Quiz-Images/refs/heads/main/WorldQuest/capitals/105.jpg"" } ",,,,,,,,,
worldquestquizgame,106,2,NormalImage,,Tegucigalpa,"{""image_1"": ""https://raw.githubusercontent.com/I-Ghazoui/Github-Anime-Quiz-Images/refs/heads/main/WorldQuest/capitals/106.jpg"" } ",,,,,,,,,
worldquestquizgame,107,2,NormalImage,,Dakar,"{""image_1"": ""https://raw.githubusercontent.com/I-Ghazoui/Github-Anime-Quiz-Images/refs/heads/main/WorldQuest/capitals/107.jpg"" } ",,,,,,,,,
worldquestquizgame,108,2,NormalImage,,Niamey,"{""image_1"": ""https://raw.githubusercontent.com/I-Ghazoui/Github-Anime-Quiz-Images/refs/heads/main/WorldQuest/capitals/108.jpg"" } ",,,,,,,,,
worldquestquizgame,109,2,NormalImage,,Sofia,"{""image_1"": ""https://raw.githubusercontent.com/I-Ghazoui/Github-Anime-Quiz-Images/refs/heads/main/WorldQuest/capitals/109.jpg"" } ",,,,,,,,,
worldquestquizgame,110,2,NormalImage,,Antananarivo,"{""image_1"": ""https://raw.githubusercontent.com/I-Ghazoui/Github-Anime-Quiz-Images/refs/heads/main/WorldQuest/capitals/110.jpg"" } ",,,,,,,,,
worldquestquizgame,111,2,NormalImage,,Abuja,"{""image_1"": ""https://raw.githubusercontent.com/I-Ghazoui/Github-Anime-Quiz-Images/refs/heads/main/WorldQuest/capitals/111.jpg"" } ",,,,,,,,,
worldquestquizgame,112,2,NormalImage,,Naypyidaw,"{""image_1"": ""https://raw.githubusercontent.com/I-Ghazoui/Github-Anime-Quiz-Images/refs/heads/main/WorldQuest/capitals/112.jpg"" } ",,,,,,,,,
worldquestquizgame,113,2,NormalImage,,Kigali,"{""image_1"": ""https://raw.githubusercontent.com/I-Ghazoui/Github-Anime-Quiz-Images/refs/heads/main/WorldQuest/capitals/113.jpg"" } ",,,,,,,,,
worldquestquizgame,114,2,NormalImage,,Santo Domingo,"{""image_1"": ""https://raw.githubusercontent.com/I-Ghazoui/Github-Anime-Quiz-Images/refs/heads/main/WorldQuest/capitals/114.jpg"" } ",,,,,,,,,
worldquestquizgame,115,2,NormalImage,,Bishkek,"{""image_1"": ""https://raw.githubusercontent.com/I-Ghazoui/Github-Anime-Quiz-Images/refs/heads/main/WorldQuest/capitals/115.jpg"" } ",,,,,,,,,
worldquestquizgame,116,2,NormalImage,,Freetown,"{""image_1"": ""https://raw.githubusercontent.com/I-Ghazoui/Github-Anime-Quiz-Images/refs/heads/main/WorldQuest/capitals/116.jpg"" } ",,,,,,,,,
worldquestquizgame,117,2,NormalImage,,Managua,"{""image_1"": ""https://raw.githubusercontent.com/I-Ghazoui/Github-Anime-Quiz-Images/refs/heads/main/WorldQuest/capitals/117.jpg"" } ",,,,,,,,,
worldquestquizgame,118,2,NormalImage,,Monrovia,"{""image_1"": ""https://raw.githubusercontent.com/I-Ghazoui/Github-Anime-Quiz-Images/refs/heads/main/WorldQuest/capitals/118.jpg"" } ",,,,,,,,,
worldquestquizgame,119,2,NormalImage,,Lilongwe,"{""image_1"": ""https://raw.githubusercontent.com/I-Ghazoui/Github-Anime-Quiz-Images/refs/heads/main/WorldQuest/capitals/119.jpg"" } ",,,,,,,,,
worldquestquizgame,120,2,NormalImage,,Port au Prince,"{""image_1"": ""https://raw.githubusercontent.com/I-Ghazoui/Github-Anime-Quiz-Images/refs/heads/main/WorldQuest/capitals/120.jpg"" } ",,,,,,,,,
worldquestquizgame,121,2,NormalImage,,Asmara,"{""image_1"": ""https://raw.githubusercontent.com/I-Ghazoui/Github-Anime-Quiz-Images/refs/heads/main/WorldQuest/capitals/121.jpg"" } ",,,,,,,,,
worldquestquizgame,122,2,NormalImage,,Jerusalem,"{""image_1"": ""https://raw.githubusercontent.com/I-Ghazoui/Github-Anime-Quiz-Images/refs/heads/main/WorldQuest/capitals/122.jpg"" } ",,,,,,,,,
worldquestquizgame,123,2,NormalImage,,Vientiane,"{""image_1"": ""https://raw.githubusercontent.com/I-Ghazoui/Github-Anime-Quiz-Images/refs/heads/main/WorldQuest/capitals/123.jpg"" } ",,,,,,,,,
worldquestquizgame,124,2,NormalImage,,N Djamena,"{""image_1"": ""https://raw.githubusercontent.com/I-Ghazoui/Github-Anime-Quiz-Images/refs/heads/main/WorldQuest/capitals/124.jpg"" } ",,,,,,,,,
worldquestquizgame,125,2,NormalImage,,Bangui,"{""image_1"": ""https://raw.githubusercontent.com/I-Ghazoui/Github-Anime-Quiz-Images/refs/heads/main/WorldQuest/capitals/125.jpg"" } ",,,,,,,,,
worldquestquizgame,126,2,NormalImage,,Panama City,"{""image_1"": ""https://raw.githubusercontent.com/I-Ghazoui/Github-Anime-Quiz-Images/refs/heads/main/WorldQuest/capitals/126.jpg"" } ",,,,,,,,,
worldquestquizgame,127,2,NormalImage,,Dushanbe,"{""image_1"": ""https://raw.githubusercontent.com/I-Ghazoui/Github-Anime-Quiz-Images/refs/heads/main/WorldQuest/capitals/127.jpg"" } ",,,,,,,,,
worldquestquizgame,128,2,NormalImage,,Kathmandu,"{""image_1"": ""https://raw.githubusercontent.com/I-Ghazoui/Github-Anime-Quiz-Images/refs/heads/main/WorldQuest/capitals/128.jpg"" } ",,,,,,,,,
worldquestquizgame,129,2,NormalImage,,Lome,"{""image_1"": ""https://raw.githubusercontent.com/I-Ghazoui/Github-Anime-Quiz-Images/refs/heads/main/WorldQuest/capitals/129.jpg"" } ",,,,,,,,,
worldquestquizgame,130,2,NormalImage,,Chisinau,"{""image_1"": ""https://raw.githubusercontent.com/I-Ghazoui/Github-Anime-Quiz-Images/refs/heads/main/WorldQuest/capitals/130.jpg"" } ",,,,,,,,,
worldquestquizgame,131,2,NormalImage,,Libreville,"{""image_1"": ""https://raw.githubusercontent.com/I-Ghazoui/Github-Anime-Quiz-Images/refs/heads/main/WorldQuest/capitals/131.jpg"" } ",,,,,,,,,
worldquestquizgame,132,2,NormalImage,,Macau,"{""image_1"": ""https://raw.githubusercontent.com/I-Ghazoui/Github-Anime-Quiz-Images/refs/heads/main/WorldQuest/capitals/132.jpg"" } ",,,,,,,,,
worldquestquizgame,133,2,NormalImage,,Kingston,"{""image_1"": ""https://raw.githubusercontent.com/I-Ghazoui/Github-Anime-Quiz-Images/refs/heads/main/WorldQuest/capitals/133.jpg"" } ",,,,,,,,,
worldquestquizgame,134,2,NormalImage,,Riga,"{""image_1"": ""https://raw.githubusercontent.com/I-Ghazoui/Github-Anime-Quiz-Images/refs/heads/main/WorldQuest/capitals/134.jpg"" } ",,,,,,,,,
worldquestquizgame,135,2,NormalImage,,Djibouti City,"{""image_1"": ""https://raw.githubusercontent.com/I-Ghazoui/Github-Anime-Quiz-Images/refs/heads/main/WorldQuest/capitals/135.jpg"" } ",,,,,,,,,
worldquestquizgame,136,2,NormalImage,,Vilnius,"{""image_1"": ""https://raw.githubusercontent.com/I-Ghazoui/Github-Anime-Quiz-Images/refs/heads/main/WorldQuest/capitals/136.jpg"" } ",,,,,,,,,
worldquestquizgame,137,2,NormalImage,,San Salvador,"{""image_1"": ""https://raw.githubusercontent.com/I-Ghazoui/Github-Anime-Quiz-Images/refs/heads/main/WorldQuest/capitals/137.jpg"" } ",,,,,,,,,
worldquestquizgame,138,2,NormalImage,,Tirana,"{""image_1"": ""https://raw.githubusercontent.com/I-Ghazoui/Github-Anime-Quiz-Images/refs/heads/main/WorldQuest/capitals/138.jpg"" } ",,,,,,,,,
worldquestquizgame,139,2,NormalImage,,Juba,"{""image_1"": ""https://raw.githubusercontent.com/I-Ghazoui/Github-Anime-Quiz-Images/refs/heads/main/WorldQuest/capitals/139.jpg"" } ",,,,,,,,,
worldquestquizgame,140,2,NormalImage,,Asuncion,"{""image_1"": ""https://raw.githubusercontent.com/I-Ghazoui/Github-Anime-Quiz-Images/refs/heads/main/WorldQuest/capitals/140.jpg"" } ",,,,,,,,,
worldquestquizgame,141,2,NormalImage,,Bissau,"{""image_1"": ""https://raw.githubusercontent.com/I-Ghazoui/Github-Anime-Quiz-Images/refs/heads/main/WorldQuest/capitals/141.jpg"" } ",,,,,,,,,
worldquestquizgame,142,2,NormalImage,,Bratislava,"{""image_1"": ""https://raw.githubusercontent.com/I-Ghazoui/Github-Anime-Quiz-Images/refs/heads/main/WorldQuest/capitals/142.jpg"" } ",,,,,,,,,
worldquestquizgame,143,2,NormalImage,,Tallinn,"{""image_1"": ""https://raw.githubusercontent.com/I-Ghazoui/Github-Anime-Quiz-Images/refs/heads/main/WorldQuest/capitals/143.jpg"" } ",,,,,,,,,
worldquestquizgame,144,2,NormalImage,,Dodoma,"{""image_1"": ""https://raw.githubusercontent.com/I-Ghazoui/Github-Anime-Quiz-Images/refs/heads/main/WorldQuest/capitals/144.jpg"" } ",,,,,,,,,
worldquestquizgame,145,2,NormalImage,,Port Moresby,"{""image_1"": ""https://raw.githubusercontent.com/I-Ghazoui/Github-Anime-Quiz-Images/refs/heads/main/WorldQuest/capitals/145.jpg"" } ",,,,,,,,,
worldquestquizgame,146,2,NormalImage,,Yamoussoukro,"{""image_1"": ""https://raw.githubusercontent.com/I-Ghazoui/Github-Anime-Quiz-Images/refs/heads/main/WorldQuest/capitals/146.jpg"" } ",,,,,,,,,
worldquestquizgame,147,2,NormalImage,,Beirut,"{""image_1"": ""https://raw.githubusercontent.com/I-Ghazoui/Github-Anime-Quiz-Images/refs/heads/main/WorldQuest/capitals/147.jpg"" } ",,,,,,,,,
worldquestquizgame,148,2,NormalImage,,Sucre,"{""image_1"": ""https://raw.githubusercontent.com/I-Ghazoui/Github-Anime-Quiz-Images/refs/heads/main/WorldQuest/capitals/148.jpg"" } ",,,,,,,,,
worldquestquizgame,149,2,NormalImage,,San Juan,"{""image_1"": ""https://raw.githubusercontent.com/I-Ghazoui/Github-Anime-Quiz-Images/refs/heads/main/WorldQuest/capitals/149.jpg"" } ",,,,,,,,,
worldquestquizgame,150,2,NormalImage,,San Jose,"{""image_1"": ""https://raw.githubusercontent.com/I-Ghazoui/Github-Anime-Quiz-Images/refs/heads/main/WorldQuest/capitals/150.jpg"" } ",,,,,,,,,
worldquestquizgame,151,2,NormalImage,,Maseru,"{""image_1"": ""https://raw.githubusercontent.com/I-Ghazoui/Github-Anime-Quiz-Images/refs/heads/main/WorldQuest/capitals/151.jpg"" } ",,,,,,,,,
worldquestquizgame,152,2,NormalImage,,Nicosia,"{""image_1"": ""https://raw.githubusercontent.com/I-Ghazoui/Github-Anime-Quiz-Images/refs/heads/main/WorldQuest/capitals/152.jpg"" } ",,,,,,,,,
worldquestquizgame,153,2,NormalImage,,Malabo,"{""image_1"": ""https://raw.githubusercontent.com/I-Ghazoui/Github-Anime-Quiz-Images/refs/heads/main/WorldQuest/capitals/153.jpg"" } ",,,,,,,,,
worldquestquizgame,154,2,NormalImage,,Ljubljana,"{""image_1"": ""https://raw.githubusercontent.com/I-Ghazoui/Github-Anime-Quiz-Images/refs/heads/main/WorldQuest/capitals/154.jpg"" } ",,,,,,,,,
worldquestquizgame,155,2,NormalImage,,Dili,"{""image_1"": ""https://raw.githubusercontent.com/I-Ghazoui/Github-Anime-Quiz-Images/refs/heads/main/WorldQuest/capitals/155.jpg"" } ",,,,,,,,,
worldquestquizgame,156,2,NormalImage,,Gaborone,"{""image_1"": ""https://raw.githubusercontent.com/I-Ghazoui/Github-Anime-Quiz-Images/refs/heads/main/WorldQuest/capitals/156.jpg"" } ",,,,,,,,,
worldquestquizgame,157,2,NormalImage,,Porto Novo,"{""image_1"": ""https://raw.githubusercontent.com/I-Ghazoui/Github-Anime-Quiz-Images/refs/heads/main/WorldQuest/capitals/157.jpg"" } ",,,,,,,,,
worldquestquizgame,158,2,NormalImage,,Paramaribo,"{""image_1"": ""https://raw.githubusercontent.com/I-Ghazoui/Github-Anime-Quiz-Images/refs/heads/main/WorldQuest/capitals/158.jpg"" } ",,,,,,,,,
worldquestquizgame,159,2,NormalImage,,Pristina,"{""image_1"": ""https://raw.githubusercontent.com/I-Ghazoui/Github-Anime-Quiz-Images/refs/heads/main/WorldQuest/capitals/159.jpg"" } ",,,,,,,,,
worldquestquizgame,160,2,NormalImage,,Male,"{""image_1"": ""https://raw.githubusercontent.com/I-Ghazoui/Github-Anime-Quiz-Images/refs/heads/main/WorldQuest/capitals/160.jpg"" } ",,,,,,,,,
worldquestquizgame,161,2,NormalImage,,Manama,"{""image_1"": ""https://raw.githubusercontent.com/I-Ghazoui/Github-Anime-Quiz-Images/refs/heads/main/WorldQuest/capitals/161.jpg"" } ",,,,,,,,,
worldquestquizgame,162,2,NormalImage,,Podgorica,"{""image_1"": ""https://raw.githubusercontent.com/I-Ghazoui/Github-Anime-Quiz-Images/refs/heads/main/WorldQuest/capitals/162.jpg"" } ",,,,,,,,,
worldquestquizgame,163,2,NormalImage,,Praia,"{""image_1"": ""https://raw.githubusercontent.com/I-Ghazoui/Github-Anime-Quiz-Images/refs/heads/main/WorldQuest/capitals/163.jpg"" } ",,,,,,,,,
worldquestquizgame,164,2,NormalImage,,Port Louis,"{""image_1"": ""https://raw.githubusercontent.com/I-Ghazoui/Github-Anime-Quiz-Images/refs/heads/main/WorldQuest/capitals/164.jpg"" } ",,,,,,,,,
worldquestquizgame,165,2,NormalImage,,Willemstad,"{""image_1"": ""https://raw.githubusercontent.com/I-Ghazoui/Github-Anime-Quiz-Images/refs/heads/main/WorldQuest/capitals/165.jpg"" } ",,,,,,,,,
worldquestquizgame,166,2,NormalImage,,Luxembourg City,"{""image_1"": ""https://raw.githubusercontent.com/I-Ghazoui/Github-Anime-Quiz-Images/refs/heads/main/WorldQuest/capitals/166.jpg"" } ",,,,,,,,,
worldquestquizgame,167,2,NormalImage,,Gitega,"{""image_1"": ""https://raw.githubusercontent.com/I-Ghazoui/Github-Anime-Quiz-Images/refs/heads/main/WorldQuest/capitals/167.jpg"" } ",,,,,,,,,
worldquestquizgame,168,2,NormalImage,,Bern,"{""image_1"": ""https://raw.githubusercontent.com/I-Ghazoui/Github-Anime-Quiz-Images/refs/heads/main/WorldQuest/capitals/168.jpg"" } ",,,,,,,,,
worldquestquizgame,169,2,NormalImage,,Tiraspol,"{""image_1"": ""https://raw.githubusercontent.com/I-Ghazoui/Github-Anime-Quiz-Images/refs/heads/main/WorldQuest/capitals/169.jpg"" } ",,,,,,,,,
worldquestquizgame,170,2,NormalImage,,Georgetown,"{""image_1"": ""https://raw.githubusercontent.com/I-Ghazoui/Github-Anime-Quiz-Images/refs/heads/main/WorldQuest/capitals/170.jpg"" } ",,,,,,,,,
worldquestquizgame,171,2,NormalImage,,Thimphu,"{""image_1"": ""https://raw.githubusercontent.com/I-Ghazoui/Github-Anime-Quiz-Images/refs/heads/main/WorldQuest/capitals/171.jpg"" } ",,,,,,,,,
worldquestquizgame,172,2,NormalImage,,Moroni,"{""image_1"": ""https://raw.githubusercontent.com/I-Ghazoui/Github-Anime-Quiz-Images/refs/heads/main/WorldQuest/capitals/172.jpg"" } ",,,,,,,,,
worldquestquizgame,173,2,NormalImage,,Bridgetown,"{""image_1"": ""https://raw.githubusercontent.com/I-Ghazoui/Github-Anime-Quiz-Images/refs/heads/main/WorldQuest/capitals/173.jpg"" } ",,,,,,,,,
worldquestquizgame,174,2,NormalImage,,Kotte,"{""image_1"": ""https://raw.githubusercontent.com/I-Ghazoui/Github-Anime-Quiz-Images/refs/heads/main/WorldQuest/capitals/174.jpg"" } ",,,,,,,,,
worldquestquizgame,175,2,NormalImage,,Bandar Seri Begawan,"{""image_1"": ""https://raw.githubusercontent.com/I-Ghazoui/Github-Anime-Quiz-Images/refs/heads/main/WorldQuest/capitals/175.jpg"" } ",,17,,,,,,,
worldquestquizgame,176,2,NormalImage,,Mbabane,"{""image_1"": ""https://raw.githubusercontent.com/I-Ghazoui/Github-Anime-Quiz-Images/refs/heads/main/WorldQuest/capitals/176.jpg"" } ",,,,,,,,,
worldquestquizgame,177,2,NormalImage,,Noumea,"{""image_1"": ""https://raw.githubusercontent.com/I-Ghazoui/Github-Anime-Quiz-Images/refs/heads/main/WorldQuest/capitals/177.jpg"" } ",,,,,,,,,
worldquestquizgame,178,2,NormalImage,,Honiara,"{""image_1"": ""https://raw.githubusercontent.com/I-Ghazoui/Github-Anime-Quiz-Images/refs/heads/main/WorldQuest/capitals/178.jpg"" } ",,,,,,,,,
worldquestquizgame,179,2,NormalImage,,Banjul,"{""image_1"": ""https://raw.githubusercontent.com/I-Ghazoui/Github-Anime-Quiz-Images/refs/heads/main/WorldQuest/capitals/179.jpg"" } ",,,,,,,,,
worldquestquizgame,180,2,NormalImage,,Sao Tome,"{""image_1"": ""https://raw.githubusercontent.com/I-Ghazoui/Github-Anime-Quiz-Images/refs/heads/main/WorldQuest/capitals/180.jpg"" } ",,,,,,,,,
worldquestquizgame,181,2,NormalImage,,Tarawa,"{""image_1"": ""https://raw.githubusercontent.com/I-Ghazoui/Github-Anime-Quiz-Images/refs/heads/main/WorldQuest/capitals/181.jpg"" } ",,,,,,,,,
worldquestquizgame,182,2,NormalImage,,Port Vila,"{""image_1"": ""https://raw.githubusercontent.com/I-Ghazoui/Github-Anime-Quiz-Images/refs/heads/main/WorldQuest/capitals/182.jpg"" } ",,,,,,,,,
worldquestquizgame,183,2,NormalImage,,Saipan,"{""image_1"": ""https://raw.githubusercontent.com/I-Ghazoui/Github-Anime-Quiz-Images/refs/heads/main/WorldQuest/capitals/183.jpg"" } ",,,,,,,,,
worldquestquizgame,184,2,NormalImage,,Apia,"{""image_1"": ""https://raw.githubusercontent.com/I-Ghazoui/Github-Anime-Quiz-Images/refs/heads/main/WorldQuest/capitals/184.jpg"" } ",,,,,,,,,
worldquestquizgame,185,2,NormalImage,,Ramallah,"{""image_1"": ""https://raw.githubusercontent.com/I-Ghazoui/Github-Anime-Quiz-Images/refs/heads/main/WorldQuest/capitals/185.jpg"" } ",,,,,,,,,
worldquestquizgame,186,2,NormalImage,,Saint Helier,"{""image_1"": ""https://raw.githubusercontent.com/I-Ghazoui/Github-Anime-Quiz-Images/refs/heads/main/WorldQuest/capitals/186.jpg"" } ",,,,,,,,,
worldquestquizgame,187,2,NormalImage,,Port of Spain,"{""image_1"": ""https://raw.githubusercontent.com/I-Ghazoui/Github-Anime-Quiz-Images/refs/heads/main/WorldQuest/capitals/187.jpg"" } ",,,,,,,,,
worldquestquizgame,188,2,NormalImage,,George Town,"{""image_1"": ""https://raw.githubusercontent.com/I-Ghazoui/Github-Anime-Quiz-Images/refs/heads/main/WorldQuest/capitals/188.jpg"" } ",,,,,,,,,
worldquestquizgame,189,2,NormalImage,,Gibraltar,"{""image_1"": ""https://raw.githubusercontent.com/I-Ghazoui/Github-Anime-Quiz-Images/refs/heads/main/WorldQuest/capitals/189.jpg"" } ",,,,,,,,,
worldquestquizgame,190,2,NormalImage,,St Georges,"{""image_1"": ""https://raw.githubusercontent.com/I-Ghazoui/Github-Anime-Quiz-Images/refs/heads/main/WorldQuest/capitals/190.jpg"" } ",,,,,,,,,
worldquestquizgame,191,2,NormalImage,,Oranjestad,"{""image_1"": ""https://raw.githubusercontent.com/I-Ghazoui/Github-Anime-Quiz-Images/refs/heads/main/WorldQuest/capitals/191.jpg"" } ",,,,,,,,,
worldquestquizgame,192,2,NormalImage,,Douglas,"{""image_1"": ""https://raw.githubusercontent.com/I-Ghazoui/Github-Anime-Quiz-Images/refs/heads/main/WorldQuest/capitals/192.jpg"" } ",,,,,,,,,
worldquestquizgame,193,2,NormalImage,,Majuro,"{""image_1"": ""https://raw.githubusercontent.com/I-Ghazoui/Github-Anime-Quiz-Images/refs/heads/main/WorldQuest/capitals/193.jpg"" } ",,,,,,,,,
worldquestquizgame,194,2,NormalImage,,Nuku alofa,"{""image_1"": ""https://raw.githubusercontent.com/I-Ghazoui/Github-Anime-Quiz-Images/refs/heads/main/WorldQuest/capitals/194.jpg"" } ",,,,,,,,,
worldquestquizgame,195,2,NormalImage,,Victoria,"{""image_1"": ""https://raw.githubusercontent.com/I-Ghazoui/Github-Anime-Quiz-Images/refs/heads/main/WorldQuest/capitals/195.jpg"" } ",,,,,,,,,
worldquestquizgame,196,2,NormalImage,,Papeete,"{""image_1"": ""https://raw.githubusercontent.com/I-Ghazoui/Github-Anime-Quiz-Images/refs/heads/main/WorldQuest/capitals/196.jpg"" } ",,,,,,,,,
worldquestquizgame,197,2,NormalImage,,Andorra la Vella,"{""image_1"": ""https://raw.githubusercontent.com/I-Ghazoui/Github-Anime-Quiz-Images/refs/heads/main/WorldQuest/capitals/197.jpg"" } ",,,,,,,,,
worldquestquizgame,198,2,NormalImage,,Torshavn,"{""image_1"": ""https://raw.githubusercontent.com/I-Ghazoui/Github-Anime-Quiz-Images/refs/heads/main/WorldQuest/capitals/198.jpg"" } ",,,,,,,,,
worldquestquizgame,199,2,NormalImage,,St Johns,"{""image_1"": ""https://raw.githubusercontent.com/I-Ghazoui/Github-Anime-Quiz-Images/refs/heads/main/WorldQuest/capitals/199.jpg"" } ",,,,,,,,,
worldquestquizgame,200,2,NormalImage,,Belmopan,"{""image_1"": ""https://raw.githubusercontent.com/I-Ghazoui/Github-Anime-Quiz-Images/refs/heads/main/WorldQuest/capitals/200.jpg"" } ",,,,,,,,,
worldquestquizgame,201,2,NormalImage,,Castries,"{""image_1"": ""https://raw.githubusercontent.com/I-Ghazoui/Github-Anime-Quiz-Images/refs/heads/main/WorldQuest/capitals/201.jpg"" } ",,,,,,,,,
worldquestquizgame,202,2,NormalImage,,Saint Peter Port,"{""image_1"": ""https://raw.githubusercontent.com/I-Ghazoui/Github-Anime-Quiz-Images/refs/heads/main/WorldQuest/capitals/202.jpg"" } ",,,,,,,,,
worldquestquizgame,203,2,NormalImage,,Nuuk,"{""image_1"": ""https://raw.githubusercontent.com/I-Ghazoui/Github-Anime-Quiz-Images/refs/heads/main/WorldQuest/capitals/203.jpg"" } ",,,,,,,,,
worldquestquizgame,204,2,NormalImage,,Roseau,"{""image_1"": ""https://raw.githubusercontent.com/I-Ghazoui/Github-Anime-Quiz-Images/refs/heads/main/WorldQuest/capitals/204.jpg"" } ",,,,,,,,,
worldquestquizgame,205,2,NormalImage,,Charlotte Amalie,"{""image_1"": ""https://raw.githubusercontent.com/I-Ghazoui/Github-Anime-Quiz-Images/refs/heads/main/WorldQuest/capitals/205.jpg"" } ",,,,,,,,,
worldquestquizgame,206,2,NormalImage,,Basseterre,"{""image_1"": ""https://raw.githubusercontent.com/I-Ghazoui/Github-Anime-Quiz-Images/refs/heads/main/WorldQuest/capitals/206.jpg"" } ",,,,,,,,,
worldquestquizgame,207,2,NormalImage,,Kingstown,"{""image_1"": ""https://raw.githubusercontent.com/I-Ghazoui/Github-Anime-Quiz-Images/refs/heads/main/WorldQuest/capitals/207.jpg"" } ",,,,,,,,,
worldquestquizgame,208,2,NormalImage,,Road Town,"{""image_1"": ""https://raw.githubusercontent.com/I-Ghazoui/Github-Anime-Quiz-Images/refs/heads/main/WorldQuest/capitals/208.jpg"" } ",,,,,,,,,
worldquestquizgame,209,2,NormalImage,,Mariehamn,"{""image_1"": ""https://raw.githubusercontent.com/I-Ghazoui/Github-Anime-Quiz-Images/refs/heads/main/WorldQuest/capitals/209.jpg"" } ",,,,,,,,,
worldquestquizgame,210,2,NormalImage,,Palikir,"{""image_1"": ""https://raw.githubusercontent.com/I-Ghazoui/Github-Anime-Quiz-Images/refs/heads/main/WorldQuest/capitals/210.jpg"" } ",,,,,,,,,
worldquestquizgame,211,2,NormalImage,,Funafuti,"{""image_1"": ""https://raw.githubusercontent.com/I-Ghazoui/Github-Anime-Quiz-Images/refs/heads/main/WorldQuest/capitals/211.jpg"" } ",,,,,,,,,
worldquestquizgame,212,2,NormalImage,,Valletta,"{""image_1"": ""https://raw.githubusercontent.com/I-Ghazoui/Github-Anime-Quiz-Images/refs/heads/main/WorldQuest/capitals/212.jpg"" } ",,,,,,,,,
worldquestquizgame,213,2,NormalImage,,Vaduz,"{""image_1"": ""https://raw.githubusercontent.com/I-Ghazoui/Github-Anime-Quiz-Images/refs/heads/main/WorldQuest/capitals/213.jpg"" } ",,,,,,,,,
worldquestquizgame,214,2,NormalImage,,Saint Pierre,"{""image_1"": ""https://raw.githubusercontent.com/I-Ghazoui/Github-Anime-Quiz-Images/refs/heads/main/WorldQuest/capitals/214.jpg"" } ",,,,,,,,,
worldquestquizgame,215,2,NormalImage,,Avarua,"{""image_1"": ""https://raw.githubusercontent.com/I-Ghazoui/Github-Anime-Quiz-Images/refs/heads/main/WorldQuest/capitals/215.jpg"" } ",,,,,,,,,
worldquestquizgame,216,2,NormalImage,,City of San Marino,"{""image_1"": ""https://raw.githubusercontent.com/I-Ghazoui/Github-Anime-Quiz-Images/refs/heads/main/WorldQuest/capitals/216.jpg"" } ",,,,,,,,,
worldquestquizgame,217,2,NormalImage,,Cockburn Town,"{""image_1"": ""https://raw.githubusercontent.com/I-Ghazoui/Github-Anime-Quiz-Images/refs/heads/main/WorldQuest/capitals/217.jpg"" } ",,,,,,,,,
worldquestquizgame,218,2,NormalImage,,Pago Pago,"{""image_1"": ""https://raw.githubusercontent.com/I-Ghazoui/Github-Anime-Quiz-Images/refs/heads/main/WorldQuest/capitals/218.jpg"" } ",,,,,,,,,
worldquestquizgame,219,2,NormalImage,,Marigot,"{""image_1"": ""https://raw.githubusercontent.com/I-Ghazoui/Github-Anime-Quiz-Images/refs/heads/main/WorldQuest/capitals/219.jpg"" } ",,,,,,,,,
worldquestquizgame,220,2,NormalImage,,Gustavia,"{""image_1"": ""https://raw.githubusercontent.com/I-Ghazoui/Github-Anime-Quiz-Images/refs/heads/main/WorldQuest/capitals/220.jpg"" } ",,,,,,,,,
worldquestquizgame,221,2,NormalImage,,Stanley,"{""image_1"": ""https://raw.githubusercontent.com/I-Ghazoui/Github-Anime-Quiz-Images/refs/heads/main/WorldQuest/capitals/221.jpg"" } ",,,,,,,,,
worldquestquizgame,222,2,NormalImage,,Longyearbyen,"{""image_1"": ""https://raw.githubusercontent.com/I-Ghazoui/Github-Anime-Quiz-Images/refs/heads/main/WorldQuest/capitals/222.jpg"" } ",,,,,,,,,
worldquestquizgame,223,2,NormalImage,,Philipsburg,"{""image_1"": ""https://raw.githubusercontent.com/I-Ghazoui/Github-Anime-Quiz-Images/refs/heads/main/WorldQuest/capitals/223.jpg"" } ",,,,,,,,,
worldquestquizgame,224,2,NormalImage,,Flying Fish Cove,"{""image_1"": ""https://raw.githubusercontent.com/I-Ghazoui/Github-Anime-Quiz-Images/refs/heads/main/WorldQuest/capitals/224.jpg"" } ",,,,,,,,,
worldquestquizgame,225,2,NormalImage,,The Valley,"{""image_1"": ""https://raw.githubusercontent.com/I-Ghazoui/Github-Anime-Quiz-Images/refs/heads/main/WorldQuest/capitals/225.jpg"" } ",,,,,,,,,
worldquestquizgame,226,2,NormalImage,,Hagatna,"{""image_1"": ""https://raw.githubusercontent.com/I-Ghazoui/Github-Anime-Quiz-Images/refs/heads/main/WorldQuest/capitals/226.jpg"" } ",,,,,,,,,
worldquestquizgame,227,2,NormalImage,,Mata Utu,"{""image_1"": ""https://raw.githubusercontent.com/I-Ghazoui/Github-Anime-Quiz-Images/refs/heads/main/WorldQuest/capitals/227.jpg"" } ",,,,,,,,,
worldquestquizgame,228,2,NormalImage,,Hamilton,"{""image_1"": ""https://raw.githubusercontent.com/I-Ghazoui/Github-Anime-Quiz-Images/refs/heads/main/WorldQuest/capitals/228.jpg"" } ",,,,,,,,,
worldquestquizgame,229,2,NormalImage,,Yaren,"{""image_1"": ""https://raw.githubusercontent.com/I-Ghazoui/Github-Anime-Quiz-Images/refs/heads/main/WorldQuest/capitals/229.jpg"" } ",,,,,,,,,
worldquestquizgame,230,2,NormalImage,,Jamestown,"{""image_1"": ""https://raw.githubusercontent.com/I-Ghazoui/Github-Anime-Quiz-Images/refs/heads/main/WorldQuest/capitals/230.jpg"" } ",,,,,,,,,
worldquestquizgame,231,2,NormalImage,,Alofi,"{""image_1"": ""https://raw.githubusercontent.com/I-Ghazoui/Github-Anime-Quiz-Images/refs/heads/main/WorldQuest/capitals/231.jpg"" } ",,,,,,,,,
worldquestquizgame,232,2,NormalImage,,Atafu,"{""image_1"": ""https://raw.githubusercontent.com/I-Ghazoui/Github-Anime-Quiz-Images/refs/heads/main/WorldQuest/capitals/232.jpg"" } ",,,,,,,,,
worldquestquizgame,233,2,NormalImage,,Brades,"{""image_1"": ""https://raw.githubusercontent.com/I-Ghazoui/Github-Anime-Quiz-Images/refs/heads/main/WorldQuest/capitals/233.jpg"" } ",,,,,,,,,
worldquestquizgame,234,2,NormalImage,,Kingston,"{""image_1"": ""https://raw.githubusercontent.com/I-Ghazoui/Github-Anime-Quiz-Images/refs/heads/main/WorldQuest/capitals/234.jpg"" } ",,,,,,,,,
worldquestquizgame,235,2,NormalImage,,West Island,"{""image_1"": ""https://raw.githubusercontent.com/I-Ghazoui/Github-Anime-Quiz-Images/refs/heads/main/WorldQuest/capitals/235.jpg"" } ",,,,,,,,,
worldquestquizgame,236,2,NormalImage,,Adamstown,"{""image_1"": ""https://raw.githubusercontent.com/I-Ghazoui/Github-Anime-Quiz-Images/refs/heads/main/WorldQuest/capitals/236.jpg"" } ",,,,,,,,,
worldquestquizgame,237,2,NormalImage,,King Edward Point,"{""image_1"": ""https://raw.githubusercontent.com/I-Ghazoui/Github-Anime-Quiz-Images/refs/heads/main/WorldQuest/capitals/237.jpg"" } ",,,,,,,,,
worldquestquizgame,238,2,NormalImage,,Ngerulmud,"{""image_1"": ""https://raw.githubusercontent.com/I-Ghazoui/Github-Anime-Quiz-Images/refs/heads/main/WorldQuest/capitals/238.jpg"" } ",,,,,,,,,